id,mode,input_text,surface_meaning,hidden_meaning,emotion_label,emotion_intensity,translation,advice_style1,advice_text1,advice_style2,advice_text2,advice_style3,advice_text3,advice_style4,advice_text4,confidence,risk_flags,context_keywords
1,여자어,괜찮아,문제없다고 표현,실제로는 화나고 서운함 (역설표현),분노,4,괜찮지 않아 와서 달래줘,적극대응형,괜찮지 않은 것 같은데? 내가 뭘 잘못했는지 말해줘,공감접근형,괜찮다고 하지만 표정이 안 괜찮아 보여. 옆에 있어도 될까?,직접행동형,괜찮다는 말 믿을 수 없어. 지금 바로 만나자,유머완화형,괜찮다는 여자는 괜찮지 않다는 법칙 발동! 뭐가 속상해? 😅,95,"감정숨김,관심요구",갈등상황
2,여자어,아니야 괜찮다고,강하게 괜찮다고 부정,더욱 화나고 관심받고 싶음 (강화된 역설),분노,5,전혀 괜찮지 않아! 더 신경써줘!,즉시대응형,괜찮지 않은 게 너무 티 나. 지금 당장 얘기하자,진심표현형,괜찮다고 하는데 왜 이렇게 마음이 아프지? 솔직히 말해줘,물리적접근형,말로는 괜찮다 하니까 직접 보러 갈게. 어디 있어?,끈질한관심형,괜찮다고 100번 말해도 안 믿어. 네가 웃을 때까지 계속 물어볼 거야,96,"감정폭발,즉시관심필요",강한갈등
3,여자어,괜찮아 혼자 있고 싶어,혼자 있고 싶다고 함,실제로는 와주길 바라는 마음 (반대요청),서운함,4,혼자 두지 말고 와서 위로해줘,반대실행형,혼자 있고 싶다는 말 무시하고 바로 찾아갈게,부드러운침투형,혼자 있고 싶겠지만 그래도 옆에만 있을게 말 안 걸어도 돼,지속관심형,혼자 있고 싶다니까 30분마다 안부 문자 보낼게 😊,직관적대응형,혼자 있고 싶은 사람은 이렇게 말 안 해. 뭐 먹고 싶어?,93,역설요청,혼자두기요청
4,여자어,알아서 해,스스로 해결하라는 의미,화나서 관심끌기 시도 (관심유도),분노,4,알아서 하지 말고 나한테 신경써줘,적극해결형,알아서 할 게 아니라 같이 해결하자. 뭐가 문제야?,관심집중형,알아서 하기보다는 네 의견이 궁금해. 어떻게 생각해?,화해시도형,알아서 하라니까 화난 거 같은데 내가 뭘 잘못했어?,끈질한대화형,알아서 하는 건 나중에 하고 지금은 너랑 얘기하고 싶어,89,관심요구,의사결정
5,여자어,네가 알아서 판단해,판단을 맡긴다는 표현,실제로는 자신의 의견 반영 기대 (배려요구),서운함,3,내 마음을 헤아려서 판단해줘,마음읽기형,알아서 판단하기보다는 네 마음이 궁금해. 진짜 원하는 게 뭐야?,공동결정형,혼자 판단하기 어려워. 같이 생각해보자,배려확인형,내가 판단해도 되지만 네가 원하는 방향으로 하고 싶어,솔직요청형,알아서 판단하라는 건 힌트 달라는 뜻이지? 솔직히 말해줘,85,배려기대,선택위임
6,여자어,나는 신경쓰지마,신경쓰지 말라고 함,더 신경써달라는 역설적 요청 (관심갈구),서운함,4,나한테 더 신경써줘,반대행동형,신경 안 쓸 수가 없어. 너한테 관심 많거든,지속관심형,신경 쓰지 말라고? 더 신경 쓸 거야. 뭐가 속상해?,솔직대응형,신경쓰지 말라는 사람한테 왜 더 신경 쓰이지? 무슨 일이야?,유머적접근형,신경 안 쓰기 도전 실패! 계속 생각나는데 어떡해? 😂,92,역설요청,관심거부
7,여자어,바쁘면 신경쓰지마,바쁠 때는 관심두지 말라는 배려,바빠도 신경써주길 바라는 마음 (우선순위확인),아쉬움,3,바빠도 나를 우선순위로 생각해줘,우선순위표현형,바빠도 너한테는 시간 있어. 무슨 일인지 말해줘,시간확보형,바쁜 건 핑계고 너한테 신경 안 쓸 이유는 없어,배려거절형,바쁘다고 신경 안 쓰면 안 돼. 네가 더 중요해,구체적약속형,지금 바빠도 30분 뒤에는 자유야. 그때 전화할게,88,우선순위테스트,시간배려
8,여자어,됐어 그냥 잊어,잊어버리자는 제안,잊지 말고 기억해달라는 역설적 요청 (기억요구),서운함,4,잊지 말고 계속 신경써줘,기억강조형,잊을 수 없어. 이런 건 기억해야 하는 거야,지속관심형,그냥 잊기에는 너무 중요한 일인 것 같은데?,솔직대화형,잊어버리기보다는 제대로 얘기해보자. 뭐가 속상했어?,반대실행형,잊으라고? 오히려 더 기억해둘게. 앞으로 조심할게,87,역설요청,기억포기
9,여자어,괜찮아 혼자 할게,혼자서 처리하겠다는 의지,도움과 관심을 바라는 마음 (도움요청),서운함,3,혼자 하지 말고 같이 해줘,적극참여형,혼자 하지 마 내가 도와줄게. 뭐부터 시작할까?,강제동참형,혼자 할 거면 나도 옆에서 혼자 할게. 같이 혼자 하자,부담덜기형,혼자 하기 힘든 일이잖아. 나랑 같이 하면 더 쉬울 텐데,관계강조형,혼자 하는 건 서운해. 우리 사이에 뭘 혼자 해?,89,도움거절,독립선언
10,여자어,상관없어,관심없다는 표현,실제로는 매우 신경쓰이는 상황 (관심위장),분노,3,상관있어 신경써줘,진심파악형,상관없다는 말투가 상관있어 보이는데? 솔직히 말해줘,관심표현형,너한테는 상관없어도 나한테는 상관있어. 어떻게 생각해?,반대추측형,상관없다고? 표정 보니까 엄청 상관있는 것 같은데 😏,지속질문형,상관없다고 하니까 더 궁금해져. 정말 괜찮은 거야?,85,감정위장,무관심표현
11,여자어,그냥,특별한 이유가 없다는 표현,말하기 어려운 이유가 있음 (이유회피),답답함,3,이유가 있는데 말하기 복잡해,끈질한추궁형,그냥이라는 건 없어. 천천히 말해봐 시간 많아,편안한분위기형,그냥이라고 하는 건 뭔가 있다는 뜻이지? 편하게 말해,추측접근형,그냥이라니까 더 궁금해. 혹시 내가 뭘 잘못했어?,인내심표현형,그냥이어도 괜찮아. 말하고 싶을 때까지 기다릴게,82,소통회피,이유생략
12,여자어,그냥 그런 거야,특별한 의미 없다고 표현,복잡한 감정을 간단히 표현한 것 (감정압축),혼란,4,복잡한 감정이 있는데 설명하기 어려워,감정탐색형,그런 거라고? 뭔가 복잡한 감정이 있는 것 같은데,시간주기형,그런 거면 그런 거고 정리되면 얘기해줘,공감접근형,그런 게 있지. 나도 가끔 설명 못할 감정 있어,구체적질문형,그런 거 중에 제일 큰 게 뭐야? 하나만 말해봐,79,감정복잡,감정정리
13,여자어,어차피 넌 안 들어줄 거잖아,체념하며 불평하는 표현,들어달라는 강한 요청 (관심요구),서운함,4,제발 내 말 들어줘,즉시반박형,무슨 소리야 네 말은 항상 들어줘. 뭔데 말해봐,진심표현형,안 들어준다고? 네 말이 제일 중요한데. 말해줘,과거반성형,그동안 안 들어준 것 같아서 미안해. 지금은 집중할게,적극청취형,어차피라니! 지금부터 끝까지 다 들어줄 테니까 말해,93,관심갈구,포기표현
14,여자어,어차피 나는 중요하지 않으니까,자신의 중요도를 낮게 평가,중요하다고 확인받고 싶음 (존재확인),불안,5,내가 중요하다고 말해줘,강력부정형,말도 안 돼! 너는 나한테 제일 중요한 사람이야,구체적증명형,중요하지 않다고? 너 때문에 내가 얼마나 행복한지 알아?,행동증명형,중요하지 않은 사람한테 이렇게 시간 쓰겠어? 말도 안 돼,미래약속형,중요하지 않다는 생각 버려. 앞으로 더 중요하게 생각할게,94,"자존감저하,존재불안",가치의심
15,여자어,생각해볼게,고려하겠다는 의미,부드러운 거절 또는 시간 끌기 (회피전략),망설임,3,사실 별로 내키지 않지만 직접 거절하기 어려워,압박완화형,천천히 생각해도 돼. 부담 갖지 말고,대안제시형,다른 방법도 있으니까 편한 대로 해,솔직유도형,솔직하게 말해도 괜찮아. 무리하지 마,이해표현형,고민되는 게 있으면 얘기해줘,84,거절암시,시간지연
16,여자어,다음에 할게,나중으로 미루겠다는 표현,지금은 하고 싶지 않다는 거절 (시간회피),부담,3,지금은 정말 하기 싫어,이해수용형,알겠어 네가 하고 싶을 때 하자,부담해소형,괜찮아 급한 게 아니니까 천천히,관심지속형,다음에 꼭 하자. 잊지 않을게,배려표현형,지금 바쁘구나. 시간 날 때 편하게,86,회피패턴,미루기
17,여자어,별로 안 중요해,중요하지 않다고 표현,실제로는 매우 중요하지만 실망하기 싫어함 (기대절하),불안,4,정말 중요한데 너무 기대하면 상처받을까봐 미리 방어하고 있어,진심파악형,중요하지 않은 것 같지 않은데? 솔직히 말해줘,중요성인정형,나한테는 중요해. 네가 신경쓰는 일이니까,지지표현형,중요한 일이면 같이 생각해보자,안전감제공형,중요하다고 말해도 괜찮아. 나는 이해해,88,방어기제,중요도축소
18,여자어,나랑 친구 중에 누가 더 예뻐?,외모 비교 질문,자신감 확인과 애정 테스트 (충성도확인),불안,4,나를 선택해줘 나를 제일로 생각한다고 말해줘,확신주기형,비교 자체가 말이 안 돼. 너는 유일해,위험회피형,둘 다 각자 매력이 있지만 내 마음은 정해져 있어,애정표현형,친구든 누구든 너만큼 예쁜 사람은 없어,질문돌리기형,왜 이런 질문해? 네가 제일인 거 모르나? 😊,92,"함정질문,질투테스트",비교유도
19,여자어,다른 여자가 예쁘다고 생각해도 말해도 돼,허용한다는 관대한 표현,절대 말하면 안 된다는 경고 (역설적금지),불안,5,절대 다른 여자 예쁘다고 하지 마,안전대답형,다른 여자는 관심 없어. 너만 보여,함정인식형,말해도 된다고? 그런 함정에 안 걸려 😏,애정확신형,예쁜 사람 많지만 너 같은 사람은 없어,질문반박형,왜 이런 질문해? 네가 최고인데 다른 사람이 왜 필요해?,96,"함정질문,역설적허용",허용함정
20,여자어,전 여친이랑 나랑 뭐가 달라?,차이점을 묻는 질문,자신이 더 낫다는 확신 요구 (우월성확인),질투,5,내가 전 여친보다 모든 면에서 낫다고 말해줘,과거차단형,비교할 수 없어. 너는 완전히 다른 차원이야,현재집중형,과거는 과거고 지금 내 옆에 있는 건 너야,유일성강조형,비교 자체가 의미 없어. 너는 대체 불가능해,질문돌리기형,왜 과거 얘기를? 지금이 제일 행복한데,94,"과거비교,질투표현",과거비교
21,여자어,요즘 나한테 관심 없는 것 같아,관심 부족에 대한 지적,애정 확인과 관심 요구 (관심갈구),서운함,4,나에게 더 관심 가져줘,즉시부정형,관심 없긴! 너 생각 안 하는 날이 어딨어 😤,관심표현형,미안해 바빠서 그랬어. 너한테 관심 많아,위로공감형,그렇게 느꼈구나. 앞으로 더 신경 쓸게,행동개선형,관심 부족했다면 앞으로 더 표현할게,88,없음,관심요구
22,여자어,나 없어도 잘 지낼 것 같아,독립성에 대한 언급,필요성 확인 요구 (존재확인),불안,5,내가 너에게 필요하다고 말해줘,강력거부형,말도 안 돼 너 없으면 진짜 안 되는데,구체적증명형,너 없으면 밥도 맛없어 😭 하루도 못 살아,일상증명형,하루도 너 생각 안 하는 날이 없는데 무슨 소리야,미래약속형,없어도 된다는 생각 버려. 평생 함께 할 거야,90,"자존감저하,존재불안",존재가치
23,여자어,오늘 뭐 먹지?,음식 선택에 대한 질문,선택 위임과 배려 기대 (선택위임),기대,3,네가 맛있는 걸 골라줘,배려제시형,네가 먹고 싶은 거 있어? 내가 맞춰줄게,특별제안형,오늘은 내가 특별한 곳 알아봤어 😋,공동선택형,고민 말고 둘 다 좋아하는 걸로 가자,관심표현형,뭐 먹고 싶은 기분이야? 내가 골라줄게,82,없음,음식선택
24,여자어,아무거나 괜찮아,선택에 무관심함을 표현,배려받고 싶음 (선택기대),기대,3,내 취향 고려해서 골라줘,관심표현형,그래도 네가 좋아하는 걸로 하자,재치반응형,아무거나는 없어! 내가 고르는 거 믿어? 😏,위로공감형,알겠어 맛있는 걸로 정할게,배려표현형,네 취향 고려해서 골라줄게,84,없음,선택위임
25,여자어,재밌게 놀아~,즐겁게 놀라고 말함,연락·확인 기대 (역설표현),서운함,3,놀아도 좋지만 중간에 안부는 원해,관심표현형,놀다 생각날 때 짧게 안부 하나만 줘 😉,재치반응형,12시 전에 '살아있음' 인증샷 받기? 📸,위로약속형,알겠어! 끝나고 바로 연락할게,배려표현형,재밌게 놀되 무리하지는 말고,84,없음,외출허용
26,여자어,연락 안 해도 돼,연락하지 말라고 함,실제로는 연락 원함 (역설표현),서운함,4,연락해줬으면 좋겠어,관심표현형,그래도 안부는 궁금하잖아 😊,재치반응형,안 해도 된다더니 왜 폰 보고 있어? 📱,위로반성형,미안해 내가 연락 못했네. 앞으로 할게,직관반응형,연락 안 해도 된다는 말은 해달라는 뜻이지?,87,없음,연락거부
27,여자어,바쁘지?,바쁜지 확인하는 질문,시간 내달라는 요청 (시간요청),아쉬움,3,시간 좀 내줘,관심표현형,조금 바쁘긴 한데 너랑은 시간 낼 수 있어,재치반응형,너한테는 안 바빠! 뭐 하고 싶어? 😄,위로표현형,바빠도 너 시간은 따로 있어,우선순위형,바쁜 건 핑계고 너가 더 중요해,85,없음,시간확인
28,여자어,여자 친구들이랑 재밌었겠다,친구들과의 시간을 언급,질투와 서운함 표현 (질투암시),질투,4,다른 여자들보다 나를 더 생각해줘,위로표현형,재밌긴 했지만 너 생각 많이 났어,관심확신형,너랑 있을 때가 제일 재밌는데 뭔 소리야,재치반응형,질투하는 거야? 귀엽네 😏,애정표현형,여자 친구들보다 네가 훨씬 재밌어,89,질투표현,친구만남
29,여자어,그 사람 예쁘더라,타인의 외모에 대한 평가,자신과 비교 및 확신 요구 (비교확인),불안,4,나랑 비교해서 누가 더 예뻐?,위로표현형,예쁘긴 하지만 너만큼은 아니야,관심확신형,내 눈에는 네가 제일 예뻐 보이는데?,재치회피형,어디서 봤는데? 나는 못 봤네 👀,애정확신형,예쁜 사람 많지만 너 같은 사람은 없어,86,없음,외모비교
30,여자어,이거 살까 말까?,구매 결정에 대한 조언 요청,결정 지지와 격려 원함 (결정지지),고민,3,사라고 말해줘,관심표현형,마음에 든다면 사는 게 어때?,재치반응형,고민할 정도면 이미 마음 정한 거 아니야? 😏,위로격려형,후회 안 할 것 같으면 질러!,배려표현형,네가 원하는 걸로 해 내가 응원할게,81,없음,구매결정
31,여자어,나 요리 잘하지?,요리 실력에 대한 질문,칭찬과 인정 욕구 (칭찬요구),기대,4,요리 잘한다고 칭찬해줘,관심표현형,완전 잘해! 맛있어서 깜짝 놀랐어 😋,재치반응형,레스토랑 차려도 될 것 같은데? 👨‍🍳,위로칭찬형,진짜 맛있어 어떻게 이렇게 잘해?,격려표현형,요리 실력이 늘었네! 다음에도 부탁해,90,없음,칭찬요구
32,여자어,글쎄 모르겠어,확실하지 않다는 표현,부드러운 거절 (거절암시),망설임,3,별로 내키지 않아,위로표현형,무리하지 말고 하고 싶을 때 하자,관심표현형,뭐가 걱정돼? 말해줘,재치반응형,그럼 다른 거 해볼까? 🤔,이해표현형,확실하지 않으면 천천히 생각해봐,78,거절신호,애매한거절
33,여자어,피곤해,피로감을 표현,휴식과 위로 필요 (위로요청),피곤함,4,쉬고 싶어 돌봐줘,위로표현형,많이 힘들었구나 좀 쉬어,관심표현형,내가 마사지해줄까? 어깨 아프지?,재치배려형,오늘은 내가 다 할게 넌 쉬어 😴,격려표현형,고생했어 푹 쉬고 내일 힘내자,85,없음,피로표현
34,여자어,됐어 안 해,포기하겠다는 표현,화남과 서운함 표현 (화남암시),분노,4,화났어 달래줘,위로사과형,미안해 내가 잘못했어. 화 풀어,관심표현형,뭐가 속상했어? 말해줘,재치반응형,화났구나 😅 내가 어떻게 할까?,적극해결형,화난 이유 알려줘 같이 해결하자,88,감정폭발,포기선언
35,여자어,나 머리 묶은 게 나아? 푼 게 나아?,머리 스타일 선호를 묻는 질문,칭찬/확인 욕구 (선택요구),호감,3,내가 예뻐 보이는지 확인받고 싶어,관심표현형,둘 다 예쁜데 오늘은 묶은 게 상큼해 보여 😊 특별한 날이야?,위로공감형,너는 어떤 스타일이든 잘 어울려. 네가 편한 걸로 하는 게 최고야,재치반응형,위험한 질문이네 😂 둘 다 예쁘지만 오늘 기분은 어때? 기분에 맞춰 정하자!,구체적행동형,묶으면 목선이 예쁘게 보이고 풀면 부드러워 보여. 오늘 입은 옷이랑 맞춰볼까?,87,없음,외모확인
36,여자어,이 옷 어때?,옷에 대한 의견 요청,외모 칭찬과 관심 갈구 (확인요구),기대,4,예쁘다고 말해줘,관심표현형,완전 예뻐! 색깔이 너한테 잘 어울려 ✨ 어디서 샀어?,재치반응형,어디 가는데? 옷발 받네 😍 오늘은 특별한 날이야?,위로공감형,너 센스 좋은 거 알잖아~ 이 옷 정말 너한테 딱이야!,구체적행동형,이 색깔이 너 피부톤이랑 완전 어울려. 다음에 같이 쇼핑할까?,89,없음,옷차림
37,여자어,살 좀 쪘나?,체중 증가에 대한 질문,위로와 부정적 답변 기대 (안전확인),불안,4,아니라고 말해줘,위로공감형,전혀! 건강해 보여서 좋은데?,재치반응형,어디가? 나는 못 보겠는데 👀,관심표현형,너 원래 몸매 좋잖아 뭔 소리야,격려표현형,살 쪘다고? 오히려 더 건강해 보여,92,없음,체중걱정
38,여자어,그냥 들어줘. 답 안 해도 돼,답을 요구하지 않음,조언보다 공감 원함 (공감요구),답답함,4,해결책 말고 내 감정을 먼저 들어줘,위로공감형,그랬구나 오늘은 네 얘기만 들을게,관심표현형,지금 뭐가 제일 마음에 남았어? 천천히 말해줘,재치반응형,오케이 상담모드 ON. 말할 때까지 조용히 듣기 🤫,이해표현형,답할 필요 없으니까 편하게 말해,88,조언금지,감정토로
39,여자어,오늘 진짜 힘들었어,하루가 힘들었다는 표현,위로와 공감 필요 (감정지지),피곤함,4,나를 다독여줘,위로공감형,많이 힘들었구나 고생했어 😞,관심표현형,뭐가 제일 힘들었어? 말하고 싶으면 말해,재치배려형,내가 맛있는 거라도 사줄까? 🍕,행동지원형,힘들었으면 오늘은 내가 다 할게 쉬어,85,없음,힘든하루
40,여자어,요즘 시큰둥하지 않아?,관심 부족을 지적,더 많은 관심과 애정 표현 요구 (관심갈구),서운함,4,예전처럼 나한테 열정적으로 대해줘,즉시부정형,시큰둥하긴! 너한테 늘 관심 많아,행동개선형,그렇게 느꼈다면 미안해. 앞으로 더 표현할게,애정재확인형,시큰둥할 리 없잖아. 너 없으면 안 되는데,구체적계획형,요즘 바빠서 그랬나? 주말에 시간 내서 데이트하자,89,관심부족호소,관심감소
41,여자어,나 없어도 잘 살 것 같아,독립적으로 살 수 있다는 추측,필요성과 소중함 확인 요구 (존재가치확인),불안,5,내가 너에게 꼭 필요한 존재라고 말해줘,강력거부형,말도 안 돼! 너 없으면 진짜 못 살아,구체적설명형,잘 살기는 무슨 너 때문에 내가 행복한 건데,일상증명형,하루도 너 생각 안 하는 날이 없는데 무슨 소리야,미래약속형,없어도 된다는 생각 버려. 평생 함께 할 거야,93,"존재불안,자존감저하",존재가치
42,여자어,나보다 좋은 사람 많을 텐데,자신보다 나은 사람이 있다는 겸손,유일무이함과 선택받음 확신 요구 (선택확신),불안,4,나만이 특별하고 유일한 사람이라고 확신시켜줘,유일성강조형,좋은 사람은 많아도 너 같은 사람은 없어,선택확신형,내가 너를 선택한 이유가 있어. 너는 특별해,비교거부형,다른 사람과 비교할 수 없어. 너는 유일해,미래확약형,더 좋은 사람이 있어도 난 너만 원해,91,자존감저하,자기비하
43,여자어,요즘 연락이 뜸해진 것 같아,연락 빈도에 대한 객관적 지적,더 자주 연락해달라는 요청 (연락증가요구),아쉬움,3,더 자주 연락했으면 좋겠어,즉시개선형,미안해 바빠서 그랬어. 앞으로 더 자주 할게,패턴개선형,맞네 앞으로 매일 안부 인사하자,관심표현형,연락 못한 사이에도 너 생각 많이 했어,약속제시형,아침저녁으로 안부 확인하는 습관 만들자,87,관심부족,연락감소
44,여자어,혼자 있는 시간이 많네,혼자 보내는 시간이 많다는 관찰,함께 시간 보내고 싶다는 은근한 요청 (동반요구),외로움,3,같이 시간 보내고 싶어,즉시제안형,그럼 같이 있자! 지금 시간 있어?,계획제시형,외롭겠네. 이번 주말에 같이 뭐 할까?,동반의지형,혼자 있지 말고 언제든 불러. 바로 간게,관심표현형,혼자 있으면 뭐 해? 재미있는 거 같이 찾아보자,85,외로움호소,혼자시간
45,여자어,다들 커플로 나가더라,주변 상황에 대한 관찰,우리도 커플 활동을 하고 싶다는 암시 (데이트요청),부러움,3,우리도 커플 데이트 하고 싶어,즉시응답형,그럼 우리도 나가자! 어디 가고 싶어?,특별계획형,커플로 나간다고? 우리가 제일 멋진 커플이 되자,동참의지형,우리도 커플 데이트 코스 찾아보자,독특함강조형,남들 따라하지 말고 우리만의 특별한 데이트 하자,88,데이트욕구,커플활동
46,여자어,화 안 났어,화나지 않았다고 부정,실제로는 화가 났지만 직접 표현하기 어려움 (감정위장),분노,4,화났어 알아서 달래줘,진실파악형,화 안 났다는 말투가 화난 것 같은데? 뭐가 속상해?,선제사과형,화 안 났다고 해도 내가 뭔가 잘못한 것 같아. 미안해,관심집중형,화 났든 안 났든 일단 얘기해보자. 뭐가 문제야?,끈질한관심형,화 안 났다니까 더 궁금해. 진짜 괜찮은 거 맞아?,91,"감정위장,화남숨김",화남부정
47,여자어,별일 아니야,대수롭지 않다고 표현,실제로는 큰 문제지만 관심받기 위해 축소표현 (관심유도),서운함,4,별일인데 관심가져줘,중요성인정형,별일 아니라고? 너한테 일어난 일은 다 중요해,관심표현형,별일 아니어도 궁금해. 무슨 일인지 말해줘,지속관심형,별일 아니라고 해도 계속 신경 쓰일 것 같은데,진심파악형,별일 아니라는 말이 별일 같다는 뜻 아니야?,86,중요도축소,문제축소
48,여자어,그냥 기분이 안 좋아,단순한 기분 나쁨 표현,구체적인 이유가 있지만 직접 말하기 어려움 (이유탐색요구),우울함,4,이유 물어보고 관심가져줘,원인탐색형,그냥 기분 나쁠 리 없어. 무슨 일 있었어?,공감접근형,기분 안 좋구나. 무엇 때문인지 얘기해줄래?,위로제공형,기분 안 좋은 날이 있지. 내가 옆에 있을게,해결의지형,기분 나쁜 이유 찾아서 같이 해결해보자,84,이유숨김,기분나쁨
49,여자어,우리 사이 어떤 것 같아?,관계 상태에 대한 질문,관계 발전과 확신 요구 (관계확인),불안,3,우리 관계가 잘 되고 있는지 확신시켜줘,긍정확신형,완전 좋아! 너와 함께여서 매일 행복해,발전의지형,지금도 좋지만 앞으로 더 좋아질 것 같아,특별강조형,우리 사이는 특별해. 이런 관계 처음이야,미래지향형,지금 완벽해. 계속 이렇게 함께 하고 싶어,89,관계불안,관계점검
50,여자어,밥 먹었어?,밥을 먹었는지 묻는 질문,상대방의 건강과 일상을 챙기려는 마음,애정,3,너를 챙기고 싶어,따뜻한답변형,응 맛있게 먹었어. 너는?,관심보답형,먹었어 나도 궁금했는데 너는 먹었어?,건강관심형,챙겨줘서 고마워. 너도 제때 챙겨 먹어,애정표현형,이렇게 챙겨주니까 더 사랑스러워,85,없음,건강관심
51,여자어,별로야,부정적인 반응,맘에 안 든다는 표현,실망,3,이거 말고 더 나은 거 없나?,직접행동형,별로라면 더 예쁜 거 찾아보자!,공감접근형,실망했구나. 어떤 점이 별로였어?,재치반응형,이거 별로라고? 그럼 내가 더 좋은 걸로 골라줄게!,관심표현형,내 눈에는 예쁜데. 혹시 다른 스타일 원해?,88,감정숨김,선택상황
52,여자어,다음에 봐,일정 미루는 표현,지금은 만나기 싫음,피곤함,2,지금은 혼자 있고 싶어,공감접근형,많이 피곤하구나. 다음에 꼭 보자,위로표현형,다음에 보자는 말에 서운하지만 이해할게,관심표현형,언제 다시 볼 수 있는지 알려줄 수 있어?,직접행동형,다음에 말고 지금 봐. 무슨 일 있어?,85,회피심리,시간배려
53,여자어,아무거나 괜찮아,선택을 양보하는 표현,사실은 자기 주장이 있음,혼란,3,네가 알아서 정해줘,재치반응형,아무거나는 세상에서 제일 어려운 말이야. 딱 하나만 골라봐!,적극대응형,아무거나 말고 네가 진짜 원하는 걸 말해줘,공감접근형,결정하기 힘든가 보네. 그럼 내가 고를게,위로표현형,네 의견이 중요해. 부담 없이 말해줘,92,선택회피,선택상황
54,여자어,내가 너무 예민했나?,자책하며 되묻는 표현,내 기분을 알아달라는 요청,불안,4,내가 화난 게 아니야. 네가 잘못한 거야,공감접근형,예민한 게 아니라 당연한 거야. 속상했지?,진심표현형,네 감정을 무시하고 싶지 않아. 솔직히 말해줘,위로표현형,예민하다고 생각하지 않아. 네 마음을 알고 싶어,적극대응형,예민한 게 아니라 서운했구나. 내가 미안해,95,자존감하락,갈등상황
55,여자어,우리 관계가 예전 같지 않아,변화를 지적하는 표현,변화에 대한 불안과 관심 요청,불안,5,우리 관계를 위해 노력해줘,진실파악형,어떤 점이 달라졌다고 느껴? 얘기해줄 수 있어?,공감접근형,나도 그렇게 느껴. 혹시 내가 뭘 놓치고 있었을까?,위로표현형,예전처럼 잘해줄게. 걱정하지 마,관심표현형,네가 느끼는 감정을 솔직히 말해줘,96,불안함,관계문제
56,여자어,내가 잘못했나 봐,자책하는 표현,내 잘못이 아님을 인정받고 싶어 함,서운함,4,내가 잘못한 게 아니야. 나를 위로해줘,공감접근형,네 잘못이 아니야. 서운했을 텐데,위로표현형,내가 잘못했으니까 더 이상 자책하지 마,관심표현형,내가 곁에 있을 테니 걱정하지 마,진심표현형,네 마음을 아프게 해서 미안해,94,감정표출,갈등상황
57,여자어,나 먼저 잘게,잠든다는 표현,전화 끊고 싶다는 의사 표현,피곤함,2,더 이상 대화하고 싶지 않아,직접행동형,먼저 자도 돼. 내일 다시 얘기하자,공감접근형,많이 피곤해 보인다. 푹 쉬어,위로표현형,오늘 힘들었구나. 좋은 꿈 꿔,재치반응형,나 먼저 잘게는 세상에서 제일 무서운 말. 무슨 일이야?,87,대화회피,시간배려
58,여자어,너는 항상 그래,상대방 행동을 일반화하는 표현,불만 표출 및 변화 요청,분노,4,네 습관을 고쳐줘,적극대응형,항상 그런다고 생각하지 않아. 어떤 점이 마음에 안 들어?,공감접근형,네가 그렇게 느낀다니 마음이 아프다. 어떤 일 때문에 그래?,진심표현형,너의 마음을 이해하고 싶어. 솔직하게 말해줘,위로표현형,내가 고치려고 노력할게. 미안해,91,불만표출,습관개선
59,여자어,나한테 관심 없지?,관심을 확인하는 표현,관심과 사랑을 갈구함,관심요구,5,내가 여전히 중요한지 확인시켜줘,진심표현형,내가 얼마나 너를 사랑하는데. 그런 말 하지 마,직접행동형,관심 없다고? 당장 달려가서 안아줄게,재치반응형,관심 없었으면 여기 있지도 않았지! 왜 그런 생각을 했어?,위로표현형,나한테 너만큼 중요한 사람은 없어,97,관심갈구,관계문제
60,여자어,뭐 먹고 싶어?,상대방의 선택을 유도하는 표현,나를 위한 선택을 바라는 의도,기대,2,네가 먹고 싶은 걸 말해줘,적극대응형,나는 네가 먹고 싶은 거 먹을게. 네가 결정해줘,공감접근형,고민하는 것 같은데. 내가 추천해줄까?,위로표현형,어떤 메뉴가 좋은지 모르겠구나. 천천히 생각해봐,재치반응형,뭐 먹고 싶어? 네가 말해줘야 내가 맞춰주지!,88,결정부재,선택상황
61,여자어,잘 어울려?,패션을 확인하는 표현,칭찬과 인정을 갈구함,기대,3,칭찬해줘. 내가 잘 입었는지 확인해줘,칭찬형,말도 마. 너한테 완전 찰떡이야!,공감접근형,잘 어울린다고 생각해서 물어보는구나. 당연히 잘 어울려!,재치반응형,잘 어울려서 내가 놀랐어. 패션 감각이 뛰어나네,위로표현형,네가 만족하면 나도 기뻐,92,외모확인,선택상황
62,여자어,나 어제 늦게 잤어,피곤함을 어필하는 표현,피곤하니 이해해달라는 요청,피곤함,2,피곤하니까 무리하게 하지 않을게,공감접근형,많이 피곤하겠다. 푹 쉬어야지,위로표현형,푹 자지 못해서 속상했겠네. 내가 안아줄게,관심표현형,왜 늦게 잤어? 걱정되네,직접행동형,피곤하면 오늘 일찍 끝내고 집에 가자,87,감정표출,상황제시
63,여자어,나는 상관없어,결정권을 양도하는 표현,사실은 불만족스럽다는 신호,분노,3,나한테 맞춰주지 않아서 서운해,적극대응형,상관없다는 말 믿지 않아. 네가 원하는 걸 말해줘,공감접근형,상관없다고 하지만 표정이 마음에 안 드는 것 같아. 솔직히 말해줘,위로표현형,네가 상관없다고 말해도 나는 네 마음이 중요해,관심표현형,나는 네가 상관있는 사람이니까 마음껏 얘기해줘,90,감정숨김,관계갈등
64,여자어,뭐가 그렇게 바빠?,상대방의 바쁨을 지적하는 표현,나한테 집중해달라는 요청,서운함,4,나보다 다른 것에 신경쓰지 마,진실파악형,요즘 내가 바빠 보여? 어떤 점이 그렇게 느껴져?,공감접근형,너한테 신경 못 써줘서 미안해. 마음 상했구나,위로표현형,바빠도 너한테는 항상 신경 쓰고 있어,관심표현형,너한테 집중하고 싶은데 자꾸 방해받는 기분이야,93,관심갈구,관계갈등
65,여자어,혼자 있을래,혼자 있고 싶다고 단절하는 표현,혼자 있고 싶지 않지만 혼자 있게 내버려두면 안 됨,외로움,5,나를 혼자 두지 마,적극대응형,혼자 있지 말고 나랑 같이 있자. 내가 옆에 있을게,공감접근형,혼자 있고 싶을 만큼 힘들었구나. 그래도 내가 곁에 있어줄게,위로표현형,혼자 있으면 외롭잖아. 나한테 얘기해줘,관심표현형,혼자 있지 마. 내가 필요하면 언제든 불러,98,단절,외로움
66,여자어,어디가는데?,상대방의 행선지를 묻는 표현,상대방을 통제하려는 의도,질투,3,나한테 보고해줘,진실파악형,어디 가는지 궁금해서 그래. 같이 갈까?,공감접근형,나랑 같이 안 있어서 서운해. 어디 가는지 말해줘,재치반응형,어디 가긴? 네 마음속으로 가지!,위로표현형,어디 가는지 말해주면 마음이 놓일 것 같아,89,집착,통제
67,여자어,나랑 놀아줘,놀아달라고 직접적으로 요구,놀아주지 않는 상황에 대한 불만,외로움,4,나를 즐겁게 해줘,적극대응형,지금 당장 놀아줄게! 뭐 하고 싶어?,공감접근형,혼자서 외로웠구나. 이제 내가 옆에 있어줄게,위로표현형,오늘은 내가 너의 놀이 상대가 되어줄게,관심표현형,다른 것보다 네가 더 중요해,95,외로움,관심요구
68,여자어,뭐하는 중이야?,상대방의 상황을 묻는 표현,나를 생각하고 있는지 확인하려는 의도,불안,3,지금 내 생각하고 있는지 알려줘,진실파악형,지금 네 생각하고 있는데. 뭐해?,공감접근형,내가 궁금했구나. 지금 뭐 하는 중인지 말해줄게,재치반응형,네 생각하는 중이지! 왜? 궁금했어?,위로표현형,네가 궁금해하는 마음을 이해해,90,불안함,연락
69,여자어,나 배고파,배고픔을 표현,나에게 맛있는 것을 사달라는 요구,기대,2,맛있는 거 사줘,직접행동형,맛있는 거 사줄게! 뭐 먹고 싶어?,공감접근형,배고프면 힘 없겠다. 뭐 먹을지 같이 찾아보자,재치반응형,배고프다고? 그럼 밥 사줄게. 나랑 같이 갈래?,위로표현형,배고프면 짜증 나니까 내가 맛있는 거 사줄게,88,관심요구,식사
70,여자어,내일 시간 있어?,상대방의 일정을 묻는 표현,내일 나랑 놀아달라는 요청,기대,3,내일 나랑 데이트해줘,직접행동형,내일 시간 비워둘게. 같이 놀자!,공감접근형,나랑 놀고 싶어서 물어보는구나. 당연히 시간 있지!,위로표현형,내일도 너랑 함께하고 싶어,관심표현형,내일 뭐 할까? 네가 가고 싶은 곳 말해줘,90,데이트요청,일정확인
71,여자어,뭐 하고 싶은 거 없어?,상대방의 의견을 묻는 표현,나에게 맞춰달라는 요구,기대,2,나에게 맞춰서 데이트 계획해줘,적극대응형,나는 네가 하고 싶은 거 할게. 네가 결정해줘,공감접근형,결정하기 힘든가 봐. 내가 좋은 곳 추천해줄게,위로표현형,네가 하고 싶은 게 있다면 무엇이든 좋아,재치반응형,하고 싶은 거? 너랑 같이 있으면 뭐든지 좋아!,87,선택회피,선택상황
72,여자어,나랑 있을 때가 제일 좋지?,상대방의 감정을 확인하는 표현,사랑을 확인받고 싶어 함,호감,4,나를 가장 사랑하는 사람인지 확인시켜줘,진심표현형,너랑 있을 때가 세상에서 제일 행복해,공감접근형,내가 옆에 있을 때 가장 기쁘다고 생각하는구나. 나도 그래,위로표현형,네가 나랑 있을 때 행복해하면 나도 행복해,관심표현형,너만큼 좋은 사람은 세상에 없어,95,관계확인,애정표현
73,여자어,왜 연락이 없어?,연락 부재를 지적하는 표현,걱정과 서운함,불안,5,나한테 더 자주 연락해줘,진실파악형,무슨 일 있었어? 왜 연락이 없었어?,공감접근형,내가 얼마나 걱정했는지 알아? 연락 좀 해줘,위로표현형,연락이 없어서 마음이 아팠어. 미안해,관심표현형,다음부터는 무슨 일이 있으면 바로 연락해줘,96,불안함,연락부재
74,여자어,내가 그렇게 좋아?,상대방의 애정을 확인하는 표현,사랑을 확인받고 싶어 함,호감,5,나를 사랑한다고 말해줘,진심표현형,너를 너무 사랑해서 미치겠어,공감접근형,내가 그렇게 좋다고 말해주니 행복하다. 나도 너가 좋아,위로표현형,네가 나만큼 나를 사랑하는지 궁금했구나. 당연히 사랑하지,관심표현형,너만큼 좋은 사람은 세상에 없어,98,애정확인,관계문제
75,여자어,다른 여자랑은 연락 안 해?,질투를 표현하는 표현,질투심과 불안감,질투,5,다른 여자와 연락하지 마,진실파악형,다른 여자랑은 무슨 이야기 하는지 궁금해서 그래. 말해줘,공감접근형,다른 여자랑 연락하는 걸 보니까 질투가 나,재치반응형,나보다 예쁜 여자랑 연락하면 안 돼!,위로표현형,내가 걱정하는 마음을 이해해줘. 나한테만 집중해줘,97,질투,관계갈등
76,여자어,나 오늘 컨디션 별로야,컨디션 난조를 어필하는 표현,내 기분을 알아달라는 요청,피곤함,3,나를 위로해줘,공감접근형,컨디션이 별로면 푹 쉬어야지. 힘내,위로표현형,컨디션이 안 좋았구나. 내가 옆에 있을게,관심표현형,혹시 아픈 데는 없어? 걱정되네,직접행동형,오늘 데이트는 취소하고 집에서 푹 쉬자,89,감정표출,상황제시
77,여자어,너는 맨날 그것만 해,상대방의 행동을 지적하는 표현,내게 더 신경 써달라는 요청,서운함,4,나한테만 집중해줘,진실파악형,내가 그것만 한다고 느껴? 솔직히 말해줘,공감접근형,맨날 그것만 하는 걸 보니까 서운했구나,위로표현형,내가 좋아하는 것만 해서 미안해. 네가 좋아하는 건 뭐야?,관심표현형,네가 좋아하는 것에 더 관심을 가져줄게,92,관심요구,관계갈등
78,여자어,이건 내가 할게,자신이 하겠다고 선언,상대방이 도와주길 바람,혼란,3,네가 도와줘,직접행동형,내가 도와줄게. 혼자 하려고 하지 마,공감접근형,힘들 텐데. 내가 도와줄게,위로표현형,내가 도와줄 수 있는 일이 없을까?,재치반응형,이건 내가 할게는 도와달라는 신호지! 내가 도와줄게,90,감정숨김,관계갈등
79,여자어,나 지금 좀 그래,기분 변화를 암시하는 표현,내 기분을 눈치채고 위로해달라는 요청,불안,4,내 기분을 알아줘,공감접근형,기분이 안 좋은 것 같은데. 무슨 일이야?,위로표현형,기분이 안 좋았구나. 내가 옆에 있을게,관심표현형,무슨 일이 있었는지 나한테 말해줄 수 있어?,진심표현형,네 기분이 어떤지 나한테 솔직히 말해줘,94,감정표출,감정상태
80,여자어,너는 내가 좋긴 해?,애정도를 확인하는 표현,사랑을 확인받고 싶어 함,불안,5,나를 사랑한다고 말해줘,진심표현형,너를 너무 사랑해. 매일 너 생각만 해,공감접근형,내가 그렇게 좋냐고 물어보는구나. 당연하지,위로표현형,네가 얼마나 사랑받고 있는지 알려주고 싶었어,관심표현형,너는 내가 사랑하는 유일한 사람이야,97,애정확인,관계문제
81,여자어,나 오늘따라 기분이 안 좋아,감정 표출,기분 안 좋은 이유를 묻고 위로해달라는 요청,서운함,4,내 기분을 풀어줘,공감접근형,기분이 안 좋구나. 내가 옆에 있을게,위로표현형,무슨 일 있었어? 나한테 얘기해줄 수 있어?,관심표현형,네가 기분 좋아질 때까지 내가 옆에 있어줄게,직접행동형,기분 안 좋으면 나한테 말해. 내가 풀어줄게,93,감정표출,감정상태
82,여자어,왜 나한테만 그래?,불만을 표출하는 표현,다른 사람에게는 하지 않는 행동을 나에게만 한다는 불만,분노,4,나한테만 다르게 행동하지 마,진실파악형,왜 나한테만 그런다고 느껴? 무슨 일 있어?,공감접근형,내가 너한테만 다르게 행동해서 서운했구나. 미안해,위로표현형,네가 특별해서 그런 거야,관심표현형,네가 나한테만 특별한 사람이니까,91,불만표출,관계갈등
83,여자어,뭐 하는 거야?,상대방의 행동을 지적하는 표현,내게 집중하라는 요청,분노,3,나한테 집중해줘,적극대응형,뭐 하는 거야? 나한테 집중해,공감접근형,내게 집중하지 않아서 서운했구나,위로표현형,나한테 집중해줬으면 좋겠어,재치반응형,뭐 해? 내 생각 안 해?,88,관심요구,관계갈등
84,여자어,나 오늘 약속 있어,일정을 통보하는 표현,나한테 더 신경 써달라는 요청,서운함,3,나한테 더 신경 써줘,진실파악형,무슨 약속인데? 나랑 만날 시간은 없어?,공감접근형,약속이 있는 걸 보니 서운하구나. 미안해,위로표현형,나한테 신경 써줄 시간은 없어?,관심표현형,네가 나한테 더 신경 써주면 좋겠어,90,관심요구,일정확인
85,여자어,오늘은 그냥 쉬고 싶어,휴식을 어필하는 표현,나를 배려해달라는 요청,피곤함,2,나를 배려해줘,공감접근형,많이 피곤하구나. 푹 쉬는 게 좋겠다,위로표현형,오늘 힘들었을 텐데. 내가 옆에서 안아줄게,관심표현형,혹시 힘든 일 있었어? 나한테 얘기해줄 수 있어?,직접행동형,집에 가서 푹 쉬어. 내가 데려다줄게,87,감정표출,상황제시
86,여자어,나한테 말해봤자 뭐해,대화를 회피하는 표현,나에게 더 신경 써달라는 요청,서운함,4,나를 무시하지 마,진실파악형,내가 말해봤자 뭐하냐고? 왜 그렇게 생각해?,공감접근형,내가 네 말을 잘 안 들어줘서 속상했구나,위로표현형,네 말을 귀담아들을게. 솔직히 말해줘,관심표현형,네 말이 나한테는 중요해. 언제든 말해줘,94,대화회피,관계갈등
87,여자어,나 요즘 좀 우울해,우울함을 어필하는 표현,위로와 관심을 갈구함,서운함,4,나를 위로해줘,공감접근형,많이 힘들었구나. 내가 옆에 있어줄게,위로표현형,우울할 땐 나한테 얘기해. 내가 다 들어줄게,관심표현형,너의 우울함이 내 마음을 아프게 해. 힘내,직접행동형,우울할 땐 맛있는 거 먹자. 내가 사줄게,92,감정표출,감정상태
88,여자어,나 요즘 스트레스 많이 받아,스트레스를 어필하는 표현,위로와 관심을 갈구함,피곤함,3,나를 위로해줘,공감접근형,스트레스 많이 받아서 힘들었겠다. 내가 도와줄 수 있는 일이 없을까?,위로표현형,스트레스 받지 마. 내가 다 해결해줄게,관심표현형,스트레스 받지 말고 나한테 얘기해줘,직접행동형,스트레스 풀러 가자. 내가 좋은 곳 알아놨어,90,감정표출,상황제시
89,여자어,우리 사진 찍을까?,사진 찍자고 제안하는 표현,나와의 추억을 남기고 싶어 함,호감,2,우리 관계를 기념하고 싶어,직접행동형,당연하지! 어디서 찍을까?,공감접근형,우리 사진 찍어서 추억을 남기고 싶었구나. 좋은 생각이야,위로표현형,너랑 같이 있는 시간을 기록하고 싶어,관심표현형,네가 사진 찍자고 하니 기쁘다,85,관계확인,추억만들기
90,여자어,됐어,문제없다고 표현,실제로는 화나고 서운함 (역설표현),분노,4,괜찮지 않아 달래줘,직접행동형,됐다는 말은 화난 거 같아 바로 얘기해줘,공감접근형,마음이 속상한 거 같아 내가 곁에 있을게,유머완화형,됐어=됐다고? 사실 '안 됐어'잖아 😅,위로표현형,혼자 감당하지 말고 기대도 돼,92,감정숨김,갈등상황
91,여자어,안 해도 돼,상대 배려하는 듯 표현,사실은 해주길 기대 (관심갈구),서운함,3,해줬으면 좋겠어,직접행동형,말은 안 해도 돼지만 사실 기대하는 거잖아?,공감접근형,네가 해주는 게 나에겐 중요해,재치반응형,안 해도 된다=꼭 해줬으면 한다!,위로표현형,해주면 마음이 풀릴 거야,90,관심요구,배려기대
92,여자어,신경쓰지마,관심 필요 없다는 표현,실제로는 더 신경써달라는 뜻 (관심요구),서운함,4,나한테 신경써줘,직접행동형,신경쓰지 말라지만 오히려 더 써야 할 때야,공감접근형,마음이 상했지? 내가 들어줄게,유머완화형,신경쓰지 마=신경 써달라는 암호지 😏,위로표현형,작은 관심도 큰 힘이 돼,93,감정숨김,관심요구
93,여자어,혼자 할게,자립하겠다는 표현,실제로는 같이 해주길 바람 (동행요청),외로움,3,같이 있어줘,직접행동형,혼자 할게가 아니라 같이 해줬으면 좋겠어,공감접근형,곁에 있어주는 게 제일 큰 힘이야,유머완화형,혼자 한다=같이 해달라는 시그널이지!,위로표현형,네가 있어야 마음이 편해,88,관심요구,동행기대
94,여자어,괜찮다고,문제없다는 표현,사실은 화나고 속상함 (역설표현),분노,5,괜찮지 않아 위로해줘,직접행동형,괜찮다는데 눈빛은 반대야 솔직히 말해줘,공감접근형,속상했구나 내가 들어줄게,유머완화형,괜찮아=전혀 괜찮지 않아!,위로표현형,말로는 괜찮아도 마음은 아니지?,95,감정숨김,갈등상황
95,여자어,네 마음대로 해,상대 선택 존중 표현,실제로는 내 의견 반영 기대 (배려요구),답답함,3,내 마음을 알아줘,직접행동형,네 맘대로 해는 사실 내 맘도 봐달란 뜻이야,공감접근형,내 의견도 듣고 싶어,재치반응형,네 마음대로=내 마음대로 해줬으면~,위로표현형,같이 정하면 더 좋아,87,배려기대,의사결정
96,여자어,별로 안 중요해,중요치 않다는 표현,사실은 꽤 중요해서 확인 기대,불안,3,이거 중요해 네가 신경써줘,직접행동형,안 중요하다지만 사실 신경 쓰이는 거잖아?,공감접근형,네가 챙겨주면 안심돼,재치반응형,별로 안 중요=꽤 중요한 문제!,위로표현형,내 마음 속으론 크다,88,감정숨김,관심요구
97,여자어,나는 상관없어,무관심 표현,사실은 선택 존중받고 싶음 (관심),서운함,3,내 의견도 물어봐줘,직접행동형,상관없다는 건 사실 물어봐달란 신호야,공감접근형,내 선택도 궁금하지?,유머완화형,상관없다=네가 물어봐줘!,위로표현형,존중받고 싶어,86,배려기대,선택상황
98,여자어,됐다고 했지,문제없다고 강조,실제로는 화가 극대화 (참음),분노,5,정말 화났어 풀어줘,직접행동형,됐다고 반복하는 건 폭발 직전이야,공감접근형,무시당한 기분 들어서 그래,재치반응형,됐다고=나 지금 분노 게이지 만땅!,위로표현형,화를 풀 수 있게 곁에 있어줘,95,감정폭발,강한갈등
99,여자어,필요없어,거절 표현,실제로는 필요하지만 자존심 (역설),서운함,4,도와줘,직접행동형,필요없다 말했지만 사실 원했잖아,공감접근형,도움이 필요할 때야,유머완화형,필요없다=도와줘 신호!,위로표현형,힘들면 같이 하자,90,감정숨김,관심요구
100,여자어,아무렇지 않아,괜찮다는 표현,사실은 속상한 상태 (감정위장),분노,4,속상해 알아줘,직접행동형,아무렇지 않아는 사실 마음 아픈 거야,공감접근형,내 속마음을 헤아려줘,유머완화형,아무렇지 않다=엄청 그렇다!,위로표현형,위로가 필요해,91,감정숨김,갈등상황
101,여자어,별거 아냐,가벼운 일 표현,사실은 마음 크게 상함,아쉬움,3,작은 게 아니야 신경써줘,직접행동형,별거 아니라고 하지만 내겐 커,공감접근형,너한테 털어놓고 싶어,유머완화형,별거 아냐=큰일이야!,위로표현형,내 기분 알아줘,87,관심요구,감정상태
102,여자어,몰라,관심없다는 표현,사실은 답답해서 알려달라는 의미,답답함,4,알려줘 답해줘,직접행동형,몰라=답을 듣고 싶다는 뜻,공감접근형,너가 방향을 잡아주면 돼,유머완화형,몰라=알려줘!,위로표현형,같이 고민해주면 좋겠어,89,관심요구,의사결정
103,여자어,알아서 해,상대에게 맡기는 표현,사실은 내 마음 반영 원함,분노,4,내 입장도 고려해줘,직접행동형,알아서 해는 사실 같이 해달란 뜻,공감접근형,내 의사도 궁금하지?,유머완화형,알아서 해=알아서 망하지 말고 물어봐!,위로표현형,함께 하고 싶어,92,관심요구,갈등상황
104,여자어,상관없어,무관심 표현,사실은 배려 기대,서운함,3,내 선택도 존중해줘,직접행동형,상관없다는 건 무시당하고 싶지 않단 뜻,공감접근형,나도 의견 있어 물어봐줘,유머완화형,상관없어=상관 많아!,위로표현형,존중받고 싶어,86,배려기대,선택상황
105,여자어,그냥 그래,무덤덤한 표현,실제로는 실망,아쉬움,3,기대보다 아쉬워 알아줘,직접행동형,그냥 그래는 만족 못 했다는 말이야,공감접근형,내가 기대했던 거랑 달라,유머완화형,그냥 그래=그냥 별로야!,위로표현형,내 마음 달래줘,85,감정숨김,감정표현
106,여자어,할 말 없어,대화 의사 없음,실제로는 서운함 숨김,서운함,3,마음 열고 싶어,직접행동형,할 말 없다는 건 속마음 많다는 뜻,공감접근형,네가 물어봐주면 말할게,유머완화형,할 말 없어=할 말 많아!,위로표현형,내 얘기 들어줘,87,감정숨김,대화거부
107,여자어,오늘 그냥 피곤해,피곤하단 표현,사실은 위로와 관심 필요,피곤함,3,위로해줘,직접행동형,피곤하다=위로받고 싶단 뜻,공감접근형,오늘 하루 힘들었구나 같이 있어줄게,유머완화형,피곤해=안아줘 신호,위로표현형,따뜻한 말이 필요해,88,관심요구,피곤상황
108,여자어,별일 아니야,문제없음 표현,사실은 큰일,불안,3,나 걱정해줘,직접행동형,별일 아니야는 별일이란 뜻이야,공감접근형,네가 신경써주면 든든해,유머완화형,별일 아냐=큰일!,위로표현형,내 마음 무겁다,87,감정숨김,갈등상황
109,여자어,괜찮다니까,강조된 괜찮음,사실은 강한 화,분노,5,화났어 풀어줘,직접행동형,괜찮다니까는 폭발 전 단계야,공감접근형,속마음은 전혀 괜찮지 않아,유머완화형,괜찮다니까=괜찮지 않다니까!,위로표현형,진심으로 달래줘,95,감정폭발,강한갈등
110,여자어,혼자 있고 싶어,혼자 원함 표현,사실은 함께 있길 바람,외로움,3,옆에 있어줘,직접행동형,혼자 있고 싶다=와줬으면 한단 뜻,공감접근형,네가 있어야 편안해,유머완화형,혼자 있고 싶어=와줘!,위로표현형,내 곁 지켜줘,89,관심요구,외로움
111,여자어,바쁘니까 괜찮아,상대 배려 표현,실제로는 서운함,서운함,3,시간 내줘,직접행동형,괜찮다고 하지만 사실 서운한 거야,공감접근형,조금만 시간 내줘도 좋아,유머완화형,괜찮아=괜찮지 않아!,위로표현형,내가 기다릴게,90,배려기대,시간배려
112,여자어,나 없어도 돼,자신 무가치 표현,사실은 더 필요함,외로움,4,나 중요해 해줘,직접행동형,나 없어도 돼=나 필요하다 말해줘,공감접근형,내 존재를 확인받고 싶어,유머완화형,나 없어도 돼=없으면 안 돼!,위로표현형,곁에 있고 싶어,92,관심요구,자존감
113,여자어,그냥 해,간단한 허락,사실은 확인 원함,혼란,3,내 마음 물어봐줘,직접행동형,그냥 해=내 의사 물어봐달란 뜻,공감접근형,내가 어떻게 생각하는지 궁금하지?,유머완화형,그냥 해=그냥 하지 마 물어봐!,위로표현형,내 마음 존중해줘,86,배려기대,선택상황
114,여자어,기분 안 좋아,기분 나쁨 표현,실제로는 달래주길 바람,분노,3,위로해줘,직접행동형,기분 안 좋다=달래달란 뜻,공감접근형,네가 곁에 있어야 풀려,유머완화형,기분 안 좋아=안아줘,위로표현형,마음 써줘,88,관심요구,감정상태
115,여자어,됐다고 했잖아,강조된 단절,실제로는 극한 화,분노,5,정말 화났어 풀어줘,직접행동형,됐다고 했잖아=화 폭발 직전,공감접근형,무시당한 기분이야,유머완화형,됐다고=폭발 3초 전!,위로표현형,내 화 받아줘,95,감정폭발,강한갈등
116,여자어,아니야,부정 표현,사실은 동의 원함,혼란,3,내 마음 읽어줘,직접행동형,아니야=맞아 달란 뜻,공감접근형,내 진심은 달라,유머완화형,아니야=맞아!,위로표현형,솔직해도 돼,85,감정숨김,대화거부
117,여자어,그냥 됐어,끝낸다는 표현,사실은 관심 유도,분노,4,달래줘,직접행동형,그냥 됐어=끝이 아니라 시작이야,공감접근형,마음 풀어주길 원해,유머완화형,됐어=됐다고? 안 됐어!,위로표현형,내 마음 어루만져줘,91,감정숨김,갈등상황
118,여자어,아무 문제 없어,문제없음 표현,사실은 문제 있음,불안,4,문제 알아줘,직접행동형,문제없다=문제있다,공감접근형,내 속마음 확인해줘,유머완화형,문제없어=문제 많아!,위로표현형,마음 불편해,90,감정숨김,갈등상황
119,여자어,그냥 신경쓰지마,무관심 표현,사실은 관심 갈구,외로움,3,신경써줘,직접행동형,신경쓰지마=더 써줘,공감접근형,작은 관심도 좋아,유머완화형,신경쓰지마=신경 많이 써줘!,위로표현형,내 얘기 들어줘,88,관심요구,갈등상황
120,여자어,정말 괜찮아,강조된 괜찮음,사실은 매우 속상,분노,5,괜찮지 않아,직접행동형,정말 괜찮아=정말 아니다,공감접근형,내 속마음 들어줘,유머완화형,정말 괜찮아=진짜 아니야!,위로표현형,위로가 필요해,95,감정폭발,강한갈등
121,여자어,별로야,마음에 안 든다는 표현,실제로는 불만,아쉬움,3,다른 걸 원해,직접행동형,별로야=마음에 안 들어,공감접근형,내 취향을 존중해줘,유머완화형,별로=별로 아닌데 별로!,위로표현형,더 나은 게 좋아,85,감정표현,선택상황
122,여자어,상관없다니까,무관심 강조,실제로는 서운함,서운함,3,존중해줘,직접행동형,상관없다=내 맘 물어봐달란 뜻,공감접근형,나도 신경써줘,유머완화형,상관없다=상관 많아!,위로표현형,내 의견 중요해,87,배려기대,선택상황
123,여자어,나 머리 묶은 게 나아? 푼 게 나아?,머리 스타일 선호를 묻는 질문,칭찬/확인 욕구 (선택요구),호감,3,내가 예뻐 보이는지 확인받고 싶어,관심표현형,둘 다 예쁜데 오늘은 묶은 게 상큼해 보여 😊 특별한 날이야?,위로·공감형,너는 어떤 스타일이든 잘 어울려. 네가 편한 걸로 하는 게 최고야,재치있는 응답형,위험한 질문이네 😂 둘 다 예쁘지만 오늘 기분은 어때? 기분에 맞춰 정하자!,구체적행동형,묶으면 목선이 예쁘게 보이고 풀면 부드러워 보여. 오늘 입은 옷이랑 맞춰볼까?,87,없음,외모확인
124,여자어,이 옷 어때?,옷에 대한 의견 요청,외모 칭찬과 관심 갈구 (확인요구),기대,4,예쁘다고 말해줘,관심표현형,완전 예뻐! 색깔이 너한테 잘 어울려 ✨ 어디서 샀어?,재치있는 응답형,어디 가는데? 옷발 받네 😍 오늘은 특별한 날이야?,위로·공감형,너 센스 좋은 거 알잖아~ 이 옷 정말 너한테 딱이야!,구체적행동형,이 색깔이 너 피부톤이랑 완전 어울려. 다음에 같이 쇼핑할까?,89,없음,옷차림
125,여자어,살 좀 쪘나?,체중 증가에 대한 질문,위로와 부정적 답변 기대 (안전확인),불안,4,아니라고 말해줘,위로·공감형,전혀! 건강해 보여서 좋은데?,재치있는 응답형,어디가? 나는 못 보겠는데 👀,관심표현형,너 원래 몸매 좋잖아 뭔 소리야,,,92,없음,체중걱정
126,여자어,그냥 들어줘. 답 안 해도 돼,답을 요구하지 않음,조언보다 공감 원함 (공감요구),답답함,4,해결책 말고 내 감정을 먼저 들어줘,위로·공감형,그랬구나 오늘은 네 얘기만 들을게,관심표현형,지금 뭐가 제일 마음에 남았어? 천천히 말해줘,재치있는 응답형,오케이 상담모드 ON. 말할 때까지 조용히 듣기 🤫,,,88,조언금지,감정토로
127,여자어,오늘 진짜 힘들었어,하루가 힘들었다는 표현,위로와 공감 필요 (감정지지),피곤함,4,나를 다독여줘,위로·공감형,많이 힘들었구나 고생했어 😞,관심표현형,뭐가 제일 힘들었어? 말하고 싶으면 말해,재치있는 응답형,내가 맛있는 거라도 사줄까? 🍕,,,85,없음,힘든하루
128,여자어,괜찮아 별로 안 슬퍼,괜찮다고 말함,실제로는 슬픔 (역설표현),슬픔,4,많이 슬픈데 티 안 내려고 해,위로·공감형,힘들면 괜찮지 않아도 돼. 내가 있잖아,관심표현형,진짜 괜찮아? 무리하지 말고 말해줘,재치있는 응답형,별로 안 슬프다니까 왜 목소리가... 🥺,,,91,감정숨김,슬픔숨김
129,여자어,요즘 나한테 관심 없는 것 같아,관심 부족에 대한 지적,애정 확인과 관심 요구 (관심갈구),서운함,4,나에게 더 관심 가져줘,관심표현형,미안해 바빠서 그랬어. 너한테 관심 많아,위로·공감형,그렇게 느꼈구나. 앞으로 더 신경 쓸게,재치있는 응답형,관심 없긴! 너 생각 안 하는 날이 어딨어 😤,,,88,없음,관심요구
130,여자어,나 없어도 잘 지낼 것 같아,독립성에 대한 언급,필요성 확인 요구 (존재확인),불안,5,내가 너에게 필요하다고 말해줘,위로·공감형,말도 안 돼 너 없으면 진짜 안 되는데,관심표현형,왜 이런 생각해? 너 때문에 내가 웃잖아,재치있는 응답형,잘 지내긴 무슨! 너 없으면 밥도 맛없어 😭,,,90,자존감저하,존재가치
131,여자어,오늘 뭐 먹지?,음식 선택에 대한 질문,선택 위임과 배려 기대 (선택위임),기대,3,네가 맛있는 걸 골라줘,관심표현형,네가 먹고 싶은 거 있어? 내가 맞춰줄게,재치있는 응답형,오늘은 내가 특별한 곳 알아봤어 😋,위로·공감형,고민 말고 둘 다 좋아하는 걸로 가자,,,82,없음,음식선택
132,여자어,아무거나 괜찮아,선택에 무관심함을 표현,배려받고 싶음 (선택기대),기대,3,내 취향 고려해서 골라줘,관심표현형,그래도 네가 좋아하는 걸로 하자,재치있는 응답형,아무거나는 없어! 내가 고르는 거 믿어? 😏,위로·공감형,알겠어 맛있는 걸로 정할게,,,84,없음,선택위임
133,여자어,재밌게 놀아~,즐겁게 놀라고 말함,연락·확인 기대 (역설표현),서운함,3,놀아도 좋지만 중간에 안부는 원해,관심표현형,놀다 생각날 때 짧게 안부 하나만 줘 😉,재치있는 응답형,12시 전에 '살아있음' 인증샷 받기? 📸,위로·공감형,알겠어! 끝나고 바로 연락할게,,,84,없음,외출허용
134,여자어,연락 안 해도 돼,연락하지 말라고 함,실제로는 연락 원함 (역설표현),서운함,4,연락해줬으면 좋겠어,관심표현형,그래도 안부는 궁금하잖아 😊,재치있는 응답형,안 해도 된다더니 왜 폰 보고 있어? 📱,위로·공감형,미안해 내가 연락 못했네. 앞으로 할게,,,87,없음,연락거부
135,여자어,바쁘지?,바쁜지 확인하는 질문,시간 내달라는 요청 (시간요청),아쉬움,3,시간 좀 내줘,관심표현형,조금 바쁘긴 한데 너랑은 시간 낼 수 있어,재치있는 응답형,너한테는 안 바빠! 뭐 하고 싶어? 😄,위로·공감형,바빠도 너 시간은 따로 있어,,,85,없음,시간확인
136,여자어,여자 친구들이랑 재밌었겠다,친구들과의 시간을 언급,질투와 서운함 표현 (질투암시),질투,4,다른 여자들보다 나를 더 생각해줘,위로·공감형,재밌긴 했지만 너 생각 많이 났어,관심표현형,너랑 있을 때가 제일 재밌는데 뭔 소리야,재치있는 응답형,질투하는 거야? 귀엽네 😏,,,89,질투표현,친구만남
137,여자어,그 사람 예쁘더라,타인의 외모에 대한 평가,자신과 비교 및 확신 요구 (비교확인),불안,4,나랑 비교해서 누가 더 예뻐?,위로·공감형,예쁘긴 하지만 너만큼은 아니야,관심표현형,내 눈에는 네가 제일 예뻐 보이는데?,재치있는 응답형,어디서 봤는데? 나는 못 봤네 👀,,,86,없음,외모비교
138,여자어,이거 살까 말까?,구매 결정에 대한 조언 요청,결정 지지와 격려 원함 (결정지지),고민,3,사라고 말해줘,관심표현형,마음에 든다면 사는 게 어때?,재치있는 응답형,고민할 정도면 이미 마음 정한 거 아니야? 😏,위로·공감형,후회 안 할 것 같으면 질러!,,,81,없음,구매결정
139,여자어,나 요리 잘하지?,요리 실력에 대한 질문,칭찬과 인정 욕구 (칭찬요구),기대,4,요리 잘한다고 칭찬해줘,관심표현형,완전 잘해! 맛있어서 깜짝 놀랐어 😋,재치있는 응답형,레스토랑 차려도 될 것 같은데? 👨‍🍳,위로·공감형,진짜 맛있어 어떻게 이렇게 잘해?,,,90,없음,칭찬요구
140,여자어,글쎄 모르겠어,확실하지 않다는 표현,부드러운 거절 (거절암시),망설임,3,별로 내키지 않아,위로·공감형,무리하지 말고 하고 싶을 때 하자,관심표현형,뭐가 걱정돼? 말해줘,재치있는 응답형,그럼 다른 거 해볼까? 🤔,,,78,거절신호,애매한거절
141,여자어,피곤해,피로감을 표현,휴식과 위로 필요 (위로요청),피곤함,4,쉬고 싶어 돌봐줘,위로·공감형,많이 힘들었구나 좀 쉬어,관심표현형,내가 마사지해줄까? 어깨 아프지?,재치있는 응답형,오늘은 내가 다 할게 넌 쉬어 😴,,,85,없음,피로표현
142,여자어,됐어 안 해,포기하겠다는 표현,화남과 서운함 표현 (화남암시),분노,4,화났어 달래줘,위로·공감형,미안해 내가 잘못했어. 화 풀어,관심표현형,뭐가 속상했어? 말해줘,재치있는 응답형,화났구나 😅 내가 어떻게 할까?,,,88,감정폭발,포기선언
143,여자어,괜찮아,문제없다고 표현,실제로는 화나고 서운함 (역설표현),분노,4,괜찮지 않아 와서 달래줘,적극대응형,괜찮지 않은 것 같은데? 내가 뭘 잘못했는지 말해줘,공감접근형,괜찮다고 하지만 표정이 안 괜찮아 보여. 옆에 있어도 될까?,직접행동형,괜찮다는 말 믿을 수 없어. 지금 바로 만나자,유머완화형,괜찮다는 여자는 괜찮지 않다는 법칙 발동! 뭐가 속상해? 😅,95,"감정숨김,관심요구",갈등상황
144,여자어,아니야 괜찮다고,강하게 괜찮다고 부정,더욱 화나고 관심받고 싶음 (강화된 역설),분노,5,전혀 괜찮지 않아! 더 신경써줘!,즉시대응형,괜찮지 않은 게 너무 티 나. 지금 당장 얘기하자,진심표현형,괜찮다고 하는데 왜 이렇게 마음이 아프지? 솔직히 말해줘,물리적접근형,말로는 괜찮다 하니까 직접 보러 갈게. 어디 있어?,끈질한관심형,괜찮다고 100번 말해도 안 믿어. 네가 웃을 때까지 계속 물어볼 거야,96,"감정폭발,즉시관심필요",강한갈등
145,여자어,괜찮아 혼자 있고 싶어,혼자 있고 싶다고 함,실제로는 와주길 바라는 마음 (반대요청),서운함,4,혼자 두지 말고 와서 위로해줘,반대실행형,혼자 있고 싶다는 말 무시하고 바로 찾아갈게,부드러운침투형,혼자 있고 싶겠지만 그래도 옆에만 있을게 말 안 걸어도 돼,지속관심형,혼자 있고 싶다니까 30분마다 안부 문자 보낼게 😊,직관적대응형,혼자 있고 싶은 사람은 이렇게 말 안 해. 뭐 먹고 싶어?,93,역설요청,혼자두기요청
146,여자어,알아서 해,스스로 해결하라는 의미,화나서 관심끌기 시도 (관심유도),분노,4,알아서 하지 말고 나한테 신경써줘,적극해결형,알아서 할 게 아니라 같이 해결하자. 뭐가 문제야?,관심집중형,알아서 하기보다는 네 의견이 궁금해. 어떻게 생각해?,화해시도형,알아서 하라니까 화난 거 같은데 내가 뭘 잘못했어?,끈질한대화형,알아서 하는 건 나중에 하고 지금은 너랑 얘기하고 싶어,89,관심요구,의사결정
147,여자어,네가 알아서 판단해,판단을 맡긴다는 표현,실제로는 자신의 의견 반영 기대 (배려요구),서운함,3,내 마음을 헤아려서 판단해줘,마음읽기형,알아서 판단하기보다는 네 마음이 궁금해. 진짜 원하는 게 뭐야?,공동결정형,혼자 판단하기 어려워. 같이 생각해보자,배려확인형,내가 판단해도 되지만 네가 원하는 방향으로 하고 싶어,솔직요청형,알아서 판단하라는 건 힌트 달라는 뜻이지? 솔직히 말해줘,85,배려기대,선택위임
148,여자어,나는 신경쓰지마,신경쓰지 말라고 함,더 신경써달라는 역설적 요청 (관심갈구),서운함,4,나한테 더 신경써줘,반대행동형,신경 안 쓸 수가 없어. 너한테 관심 많거든,지속관심형,신경 쓰지 말라고? 더 신경 쓸 거야. 뭐가 속상해?,솔직대응형,신경쓰지 말라는 사람한테 왜 더 신경 쓰이지? 무슨 일이야?,유머적접근형,신경 안 쓰기 도전 실패! 계속 생각나는데 어떡해? 😂,92,역설요청,관심거부
149,여자어,바쁘면 신경쓰지마,바쁠 때는 관심두지 말라는 배려,바빠도 신경써주길 바라는 마음 (우선순위확인),아쉬움,3,바빠도 나를 우선순위로 생각해줘,우선순위표현형,바빠도 너한테는 시간 있어. 무슨 일인지 말해줘,시간확보형,바쁜 건 핑계고 너한테 신경 안 쓸 이유는 없어,배려거절형,바쁘다고 신경 안 쓰면 안 돼. 네가 더 중요해,구체적약속형,지금 바빠도 30분 뒤에는 자유야. 그때 전화할게,88,우선순위테스트,시간배려
150,여자어,됐어 그냥 잊어,잊어버리자는 제안,잊지 말고 기억해달라는 역설적 요청 (기억요구),서운함,4,잊지 말고 계속 신경써줘,기억강조형,잊을 수 없어. 이런 건 기억해야 하는 거야,지속관심형,그냥 잊기에는 너무 중요한 일인 것 같은데?,솔직대화형,잊어버리기보다는 제대로 얘기해보자. 뭐가 속상했어?,반대실행형,잊으라고? 오히려 더 기억해둘게. 앞으로 조심할게,87,역설요청,기억포기
151,여자어,괜찮아 혼자 할게,혼자서 처리하겠다는 의지,도움과 관심을 바라는 마음 (도움요청),서운함,3,혼자 하지 말고 같이 해줘,적극참여형,혼자 하지 마 내가 도와줄게. 뭐부터 시작할까?,강제동참형,혼자 할 거면 나도 옆에서 혼자 할게. 같이 혼자 하자,부담덜기형,혼자 하기 힘든 일이잖아. 나랑 같이 하면 더 쉬울 텐데,관계강조형,혼자 하는 건 서운해. 우리 사이에 뭘 혼자 해?,89,도움거절,독립선언
152,여자어,상관없어,관심없다는 표현,실제로는 매우 신경쓰이는 상황 (관심위장),분노,3,상관있어 신경써줘,진심파악형,상관없다는 말투가 상관있어 보이는데? 솔직히 말해줘,관심표현형,너한테는 상관없어도 나한테는 상관있어. 어떻게 생각해?,반대추측형,상관없다고? 표정 보니까 엄청 상관있는 것 같은데 😏,지속질문형,상관없다고 하니까 더 궁금해져. 정말 괜찮은 거야?,85,감정위장,무관심표현
153,여자어,그냥,특별한 이유가 없다는 표현,말하기 어려운 이유가 있음 (이유회피),답답함,3,이유가 있는데 말하기 복잡해,끈질한추궁형,그냥이라는 건 없어. 천천히 말해봐 시간 많아,편안한분위기형,그냥이라고 하는 건 뭔가 있다는 뜻이지? 편하게 말해,추측접근형,그냥이라니까 더 궁금해. 혹시 내가 뭘 잘못했어?,인내심표현형,그냥이어도 괜찮아. 말하고 싶을 때까지 기다릴게,82,소통회피,이유생략
154,여자어,그냥 그런 거야,특별한 의미 없다고 표현,복잡한 감정을 간단히 표현한 것 (감정압축),혼란,4,복잡한 감정이 있는데 설명하기 어려워,감정탐색형,그런 거라고? 뭔가 복잡한 감정이 있는 것 같은데,시간주기형,그런 거면 그런 거고 정리되면 얘기해줘,공감접근형,그런 게 있지. 나도 가끔 설명 못할 감정 있어,구체적질문형,그런 거 중에 제일 큰 게 뭐야? 하나만 말해봐,79,감정복잡,감정정리
155,여자어,어차피 넌 안 들어줄 거잖아,체념하며 불평하는 표현,들어달라는 강한 요청 (관심요구),서운함,4,제발 내 말 들어줘,즉시반박형,무슨 소리야 네 말은 항상 들어줘. 뭔데 말해봐,진심표현형,안 들어준다고? 네 말이 제일 중요한데. 말해줘,과거반성형,그동안 안 들어준 것 같아서 미안해. 지금은 집중할게,적극청취형,어차피라니! 지금부터 끝까지 다 들어줄 테니까 말해,93,관심갈구,포기표현
156,여자어,어차피 나는 중요하지 않으니까,자신의 중요도를 낮게 평가,중요하다고 확인받고 싶음 (존재확인),불안,5,내가 중요하다고 말해줘,강력부정형,말도 안 돼! 너는 나한테 제일 중요한 사람이야,구체적증명형,중요하지 않다고? 너 때문에 내가 얼마나 행복한지 알아?,행동증명형,중요하지 않은 사람한테 이렇게 시간 쓰겠어? 말도 안 돼,미래약속형,중요하지 않다는 생각 버려. 앞으로 더 중요하게 생각할게,94,"자존감저하,존재불안",가치의심
157,여자어,생각해볼게,고려하겠다는 의미,부드러운 거절 또는 시간 끌기 (회피전략),망설임,3,사실 별로 내키지 않지만 직접 거절하기 어려워,압박완화형,천천히 생각해도 돼. 부담 갖지 말고,대안제시형,다른 방법도 있으니까 편한 대로 해,솔직유도형,솔직하게 말해도 괜찮아. 무리하지 마,이해표현형,고민되는 게 있으면 얘기해줘,84,거절암시,시간지연
158,여자어,다음에 할게,나중으로 미루겠다는 표현,지금은 하고 싶지 않다는 거절 (시간회피),부담,3,지금은 정말 하기 싫어,이해수용형,알겠어 네가 하고 싶을 때 하자,부담해소형,괜찮아 급한 게 아니니까 천천히,관심지속형,다음에 꼭 하자. 잊지 않을게,배려표현형,지금 바쁘구나. 시간 날 때 편하게,86,회피패턴,미루기
159,여자어,별로 안 중요해,중요하지 않다고 표현,실제로는 매우 중요하지만 실망하기 싫어함 (기대절하),불안,4,정말 중요한데 너무 기대하면 상처받을까봐 미리 방어하고 있어,진심파악형,중요하지 않은 것 같지 않은데? 솔직히 말해줘,중요성인정형,나한테는 중요해. 네가 신경쓰는 일이니까,지지표현형,중요한 일이면 같이 생각해보자,안전감제공형,중요하다고 말해도 괜찮아. 나는 이해해,88,방어기제,중요도축소
160,여자어,나랑 친구 중에 누가 더 예뻐?,외모 비교 질문,자신감 확인과 애정 테스트 (충성도확인),불안,4,나를 선,,,,,,,,,,,
161,여자어,오빠 일어났어?,상대방의 상태를 확인하는 질문,"아침부터 연락이 없었고 여자가 먼저 톡을 시작했다. 남자는 이미 일어나 밥까지 먹었는데 먼저 연락하지 않아 서운함이 생겼다(관심기대, 연락공백)",서운함,4,아침에 먼저 안부 좀 보내줘,관심표현형,"미안해, 아침에 부모님과 식사하느라 연락이 늦었네.",행동개선형,"앗, 걱정시켜 미안해, 내일부터 기상하면 바로 모닝톡할게, ",위로공감형,"아침에 연락 없어서 서운했겠다, 가족들과 식사하느라 조금 늦었어 다음엔 일어나자 마자 자기한테 연락해야지",,,90,,
162,여자어,오빠 일어났어?,상대방의 기상 여부를 묻는 질문,아침부터 연락이 없어서 서운함과 먼저 안부를 전하고 싶은 마음 (관심갈구),서운함,4,아침에 먼저 안부 좀 보내줘,관심표현형,미안해 아침에 네 생각 못했네. 지금부터는 먼저 안부 보낼게 ☀️,행동개선형,내일부터 기상하면 바로 톡할게. 아침 루틴에 너 먼저 넣을게,위로·공감형,아침에 연락 없어서 서운했겠다. 오늘 하루는 내가 먼저 챙길게,재치있는 응답형,아침밥보다 네가 먼저였지 😅 내일은 모닝톡 예약!,90,"관심기대,연락공백",아침안부
163,여자어,응 아까 일어났어 말 없어서,상대방이 늦은 응답에 대한 지적,먼저 연락하지 않은 것에 대한 서운함 (관심요구),서운함,4,아침에 먼저 연락해줘,즉시사과형,미안해 바쁘다고 인사도 안했네. 앞으로 주의할게,관심표현형,아침에 일어나자마자 네 생각했는데 말을 못했어. 미안해,행동약속형,내일부터 기상 알람과 함께 너한테 인사부터 할게,재치있는 응답형,말 없어서 서운했구나 😅 앞으로 아침 인사 필수!,88,"연락공백,예의부족",늦은응답
164,여자어,왜?,단순한 이유 질문,서운한 감정의 이유를 알아달라는 요구 (감정확인),답답함,3,내가 왜 서운한지 알아줘,감정탐색형,왜냐고? 아침에 연락 없어서 서운했던 거 아니야?,공감접근형,아 혹시 아침 인사 못해서 기분 안 좋았어?,직관적대응형,내가 뭘 잘못했는지 알겠어. 아침에 먼저 안부 못해서지?,솔직대화형,왜냐고 하니까 더 궁금해져. 솔직히 말해줄래?,85,"이유탐색,감정확인",단답질문
165,여자어,잘 잤어?,상대방의 수면 상태를 묻는 질문,관심 표현과 아침 대화 시작 욕구 (관심표현),애정,2,나에게 관심 가져줘,따뜻한답변형,응 잘 잤어! 너는 어땠어? 꿈 꾸었어?,관심보답형,잘 잤어 걱정해줘서 고마워. 너도 푹 잤지?,건강관심형,잘 잤어 덕분에 기분 좋은 아침이야,애정표현형,이렇게 챙겨주니까 더 사랑스러워,82,없음,수면확인
166,여자어,어제 늦게 잤어,전날 늦잠에 대한 언급,피곤함과 배려 요청 (배려요구),피곤함,3,오늘 피곤하니까 배려해줘,공감접근형,늦게 잤구나 오늘 피곤하겠다,위로표현형,무슨 일로 늦게 잤어? 괜찮아?,관심표현형,피곤하면 무리하지 말고 쉬어,직접행동형,그럼 오늘은 일찍 끝내고 일찍 자자,87,"수면부족,피로",컨디션고지
167,여자어,바쁘네,상대방의 바쁜 상황을 지적,나에게 시간을 내달라는 간접적 요청 (시간요구),아쉬움,3,나한테 시간 좀 내줘,우선순위표현형,바빠도 너한테는 시간 있어,시간확보형,바쁜 건 핑계야 네가 더 중요해,관심표현형,바쁜 중에도 연락해줘서 고마워,재치있는 응답형,바쁘다고? 너한테 바쁠 시간이 어딨어 😄,86,"시간배려,우선순위",바쁨지적
168,여자어,뭐해?,현재 상황을 묻는 질문,관심과 대화 욕구 (대화시작),호감,2,나랑 대화하고 싶어,직접답변형,지금 네 생각하는 중이야 😊,관심표현형,별거 안 해 네가 연락와서 기뻐,대화유도형,너는 뭐해? 같이 뭔가 할까?,애정표현형,네 목소리 듣고 싶어서 기다리고 있었어,84,없음,일상대화
169,여자어,심심해,지루함을 표현,관심과 함께 시간 보내고 싶음 (동반요구),외로움,3,나랑 같이 시간 보내줘,즉시제안형,심심하다고? 나랑 같이 놀자! 뭐 할까?,관심표현형,심심할 때는 나한테 연락해 언제든지,동반의지형,심심하지 말고 같이 있자,재치있는 응답형,심심하다니! 내가 재미있게 해줄게 😄,88,"외로움,관심요구",심심함
170,여자어,아 그래?,단순한 응답,별로 관심 없거나 서운함의 표현 (무관심),서운함,3,내 얘기에 더 관심 가져줘,관심집중형,그래? 좀 더 자세히 얘기해줄래?,공감접근형,시큰둥하게 들리는데 무슨 일 있어?,진심표현형,내가 뭔가 잘못했나? 기분이 안 좋아 보여,반응개선형,아 그래가 아니라 더 관심있게 들어줄래?,85,"무관심표현,대화소극",단순응답
171,여자어,오케이,간단한 동의 표현,별로 내키지 않지만 수용하는 상태 (소극적동의),무관심,2,사실 별로 내키지 않아,진심확인형,오케이라고 하는데 진짜 괜찮은 거야?,관심표현형,내키지 않는 것 같은데 솔직히 말해줘,배려표현형,억지로 하지 말고 하고 싶을 때 하자,대안제시형,다른 거 하고 싶은 거 있으면 말해줘,82,"소극적동의,억지수용",간단동의
172,여자어,뭔가 이상해,막연한 불편함 표현,구체적인 문제를 짚어달라는 요청 (문제인식),불안,4,뭔가 이상한 걸 알아줘,진심파악형,뭔가 이상하다고? 어떤 점이 그래?,관심표현형,내가 뭘 잘못했나? 말해줘,공감접근형,나도 뭔가 어색한 기분이 들어,해결의지형,이상한 게 뭔지 찾아서 해결하자,89,"직감,불편함",막연한불안
173,여자어,그런 것 같아,애매한 동의 표현,확신이 없지만 동조하는 상태 (애매한동의),혼란,3,확실하지 않아,확신주기형,그런 것 같다고? 확실하게 말해도 돼,공감접근형,확신이 안 서는 것 같네. 천천히 생각해봐,안전감제공형,확실하지 않아도 괜찮아 같이 정하자,솔직유도형,솔직한 생각을 말해줘도 돼,83,"애매한동의,확신부족",모호한답변
174,여자어,몰랐어,모름을 표현,알려달라거나 미안함의 표현 (정보요구),당황함,3,몰랐으니까 알려줘,정보제공형,몰랐구나. 내가 자세히 설명해줄게,이해표현형,몰랐으면 어쩔 수 없지. 이제 알았으니까,격려표현형,몰랐어도 괜찮아. 이제 알면 돼,관심표현형,다음부터는 미리 얘기해줄게,80,"정보부족,당황",모름인정
175,여자어,그냥 물어본 거야,단순 호기심 표현,사실은 중요한 의미가 있는 질문 (중요성숨김),관심,3,사실 중요한 질문이야,진심파악형,그냥 물어본 게 아니라 뭔가 의미 있는 질문이지?,관심집중형,그냥이라고? 네가 궁금해하는 건 다 중요해,솔직유도형,그냥이 아니라 진짜 궁금한 거잖아,재치있는 응답형,그냥 물어본 게 제일 무서워 😅 솔직히 말해줘,87,"중요성숨김,호기심",단순질문
176,여자어,신경써줘서 고마워,감사 표현,더 많은 관심을 바라는 마음 (관심증대요구),기쁨,3,앞으로도 계속 신경써줘,지속약속형,고맙다니! 앞으로 더 신경써줄게,관심확대형,이런 관심이 더 필요해. 계속해줘,애정표현형,네가 고마워하면 더 해주고 싶어져,재치있는 응답형,고맙다고? 이건 시작도 아니야 😊,85,"감사표현,관심유지",고마움표현